{"Afghanistan": [67.709953, 33.93911], "Albania": [20.1683, 41.1533], "Algeria": [1.6596, 28.0339], "Andorra": [1.5218, 42.5063], "Angola": [17.8739, -11.2027], "Antarctica": [23.347, -71.9499], "Antigua and Barbuda": [-61.7964, 17.0608], "Argentina": [-63.6167, -38.4161], "Armenia": [45.0382, 40.0691], "Australia": [149.0124, -35.4735], "Austria": [14.5501, 47.5162], "Azerbaijan": [47.5769, 40.1431], "Bahamas": [-78.035889, 25.025885], "Bahrain": [50.55, 26.0275], "Bangladesh": [90.3563, 23.685], "Barbados": [-59.5432, 13.1939], "Belarus": [27.9534, 53.7098], "Belgium": [4.469936, 50.8333], "Belize": [-88.4976, 17.1899], "Benin": [2.3158, 9.3077], "Bhutan": [90.4336, 27.5142], "Bolivia": [-63.5887, -16.2902], "Bosnia and Herzegovina": [17.6791, 43.9159], "Botswana": [24.6849, -22.3285], "Brazil": [-51.9253, -14.235], "Brunei": [114.7277, 4.5353], "Bulgaria": [25.4858, 42.7339], "Burkina Faso": [-1.5616, 12.2383], "Burma": [95.956, 21.9162], "Burundi": [29.9189, -3.3731], "Cabo Verde": [-23.0418, 16.5388], "Cambodia": [104.9167, 11.55], "Cameroon": [11.5021, 3.848], "Canada": [-116.5765, 53.9333], "Central African Republic": [20.9394, 6.6111], "Chad": [18.7322, 15.4542], "Chile": [-71.543, -35.6751], "China": [117.2264, 31.8257], "Colombia": [-74.2973, 4.5709], "Comoros": [43.3333, -11.6455], "Congo (Brazzaville)": [15.8277, -0.228], "Congo (Kinshasa)": [21.7587, -4.0383], "Costa Rica": [-83.7534, 9.7489], "Cote d'Ivoire": [-5.5471, 7.54], "Croatia": [15.2, 45.1], "Cuba": [-77.781167, 21.521757], "Cyprus": [33.4299, 35.1264], "Czechia": [15.473, 49.8175], "Denmark": [-6.9118, 61.8926], "Diamond Princess": [0.0, 0.0], "Djibouti": [42.5903, 11.8251], "Dominica": [-61.371, 15.415], "Dominican Republic": [-70.1627, 18.7357], "Ecuador": [-78.1834, -1.8312], "Egypt": [30.802498, 26.820553], "El Salvador": [-88.8965, 13.7942], "Equatorial Guinea": [10.2679, 1.6508], "Eritrea": [39.7823, 15.1794], "Estonia": [25.0136, 58.5953], "Eswatini": [31.4659, -26.5225], "Ethiopia": [40.4897, 9.145], "Fiji": [178.065, -17.7134], "Finland": [25.748151, 61.92411], "France": [-53.1258, 3.9339], "Gabon": [11.6094, -0.8037], "Gambia": [-15.3101, 13.4432], "Georgia": [43.3569, 42.3154], "Germany": [10.451526, 51.165691], "Ghana": [-1.0232, 7.9465], "Greece": [21.8243, 39.0742], "Grenada": [-61.679, 12.1165], "Guatemala": [-90.2308, 15.7835], "Guinea": [-9.6966, 9.9456], "Guinea-Bissau": [-15.1804, 11.8037], "Guyana": [-58.93018, 4.860416], "Haiti": [-72.2852, 18.9712], "Holy See": [12.4534, 41.9029], "Honduras": [-86.2419, 15.2], "Hungary": [19.5033, 47.1625], "Iceland": [-19.0208, 64.9631], "India": [78.96288, 20.593684], "Indonesia": [113.9213, -0.7893], "Iran": [53.688046, 32.427908], "Iraq": [43.679291, 33.223191], "Ireland": [-7.6921, 53.1424], "Israel": [34.851612, 31.046051], "Italy": [12.56738, 41.87194], "Jamaica": [-77.2975, 18.1096], "Japan": [138.252924, 36.204824], "Jordan": [36.51, 31.24], "Kazakhstan": [66.9237, 48.0196], "Kenya": [37.9062, -0.0236], "Kiribati": [-168.734, -3.3704], "Korea, North": [127.5101, 40.3399], "Korea, South": [127.766922, 35.907757], "Kosovo": [20.902977, 42.602636], "Kuwait": [47.481766, 29.31166], "Kyrgyzstan": [74.766098, 41.20438], "Laos": [102.495496, 19.85627], "Latvia": [24.6032, 56.8796], "Lebanon": [35.8623, 33.8547], "Lesotho": [28.2336, -29.61], "Liberia": [-9.429499, 6.428055], "Libya": [17.228331, 26.3351], "Liechtenstein": [9.55, 47.14], "Lithuania": [23.8813, 55.1694], "Luxembourg": [6.1296, 49.8153], "MS Zaandam": [0.0, 0.0], "Madagascar": [46.869107, -18.766947], "Malawi": [34.3015, -13.2543], "Malaysia": [101.975766, 4.210484], "Maldives": [73.2207, 3.2028], "Mali": [-3.996166, 17.570692], "Malta": [14.3754, 35.9375], "Marshall Islands": [171.1845, 7.1315], "Mauritania": [-10.9408, 21.0079], "Mauritius": [57.552152, -20.348404], "Mexico": [-102.5528, 23.6345], "Micronesia": [150.5508, 7.4256], "Moldova": [28.3699, 47.4116], "Monaco": [7.4167, 43.7333], "Mongolia": [103.8467, 46.8625], "Montenegro": [19.37439, 42.708678], "Morocco": [-7.0926, 31.7917], "Mozambique": [35.529562, -18.665695], "Namibia": [18.4904, -22.9576], "Nauru": [166.9315, -0.5228], "Nepal": [84.25, 28.1667], "Netherlands": [-69.9683, 12.5211], "New Zealand": [-159.7777, -21.2367], "Nicaragua": [-85.207229, 12.865416], "Niger": [8.081666, 17.607789], "Nigeria": [8.6753, 9.082], "North Macedonia": [21.7453, 41.6086], "Norway": [8.4689, 60.472], "Oman": [55.923255, 21.512583], "Pakistan": [69.3451, 30.3753], "Palau": [134.5825, 7.515], "Panama": [-80.7821, 8.538], "Papua New Guinea": [143.95555, -6.314993], "Paraguay": [-58.4438, -23.4425], "Peru": [-75.0152, -9.19], "Philippines": [121.774017, 12.879721], "Poland": [19.1451, 51.9194], "Portugal": [-8.2245, 39.3999], "Qatar": [51.1839, 25.3548], "Romania": [24.9668, 45.9432], "Russia": [105.318756, 61.52401], "Rwanda": [29.8739, -1.9403], "Saint Kitts and Nevis": [-62.782998, 17.357822], "Saint Lucia": [-60.9789, 13.9094], "Saint Vincent and the Grenadines": [-61.2872, 12.9843], "Samoa": [-172.1046, -13.759], "San Marino": [12.4578, 43.9424], "Sao Tome and Principe": [6.6131, 0.1864], "Saudi Arabia": [45.079162, 23.885942], "Senegal": [-14.4524, 14.4974], "Serbia": [21.0059, 44.0165], "Seychelles": [55.492, -4.6796], "Sierra Leone": [-11.779889, 8.460555], "Singapore": [103.8333, 1.2833], "Slovakia": [19.699, 48.669], "Slovenia": [14.9955, 46.1512], "Solomon Islands": [160.1562, -9.6457], "Somalia": [46.199616, 5.152149], "South Africa": [22.9375, -30.5595], "South Sudan": [31.307, 6.877], "Spain": [-3.74922, 40.463667], "Sri Lanka": [80.771797, 7.873054], "Sudan": [30.2176, 12.8628], "Summer Olympics 2020": [139.7737, 35.6491], "Suriname": [-56.0278, 3.9193], "Sweden": [18.643501, 60.128161], "Switzerland": [8.2275, 46.8182], "Syria": [38.996815, 34.802075], "Taiwan*": [121.0, 23.7], "Tajikistan": [71.2761, 38.861], "Tanzania": [34.888822, -6.369028], "Thailand": [100.992541, 15.870032], "Timor-Leste": [125.727539, -8.874217], "Togo": [0.8248, 8.6195], "Tonga": [-175.1982, -21.179], "Trinidad and Tobago": [-61.2225, 10.6918], "Tunisia": [9.537499, 33.886917], "Turkey": [35.2433, 38.9637], "Tuvalu": [177.6493, -7.1095], "US": [-100.0, 40.0], "Uganda": [32.290275, 1.373333], "Ukraine": [31.1656, 48.3794], "United Arab Emirates": [53.847818, 23.424076], "United Kingdom": [-63.0686, 18.2206], "Uruguay": [-55.7658, -32.5228], "Uzbekistan": [64.585262, 41.377491], "Vanuatu": [166.9592, -15.3767], "Venezuela": [-66.5897, 6.4238], "Vietnam": [108.277199, 14.058324], "West Bank and Gaza": [35.2332, 31.9522], "Winter Olympics 2022": [116.4074, 39.9042], "Yemen": [48.516388, 15.552727], "Zambia": [27.849332, -13.133897], "Zimbabwe": [29.154857, -19.015438]}